<?xml version="1.0" encoding="UTF-8"?>
<project-private xmlns="http://www.netbeans.org/ns/project-private/1">
    <editor-bookmarks xmlns="http://www.netbeans.org/ns/editor-bookmarks/2" lastBookmarkId="0"/>
    <open-files xmlns="http://www.netbeans.org/ns/projectui-open-files/2">
        <group>
            <file>file:/C:/Users/ArtanTech/Desktop/Project1402_1/Project1402_1/src/project1402/DeleteStudent.java</file>
            <file>file:/C:/Users/ArtanTech/Desktop/Project1402_1/Project1402_1/src/project1402/Frame.java</file>
            <file>file:/C:/Users/ArtanTech/Desktop/Project1402_1/Project1402_1/src/project1402/ShowStudent.java</file>
            <file>file:/C:/Users/ArtanTech/Desktop/Project1402_1/Project1402_1/src/project1402/StudentRegistr.java</file>
            <file>file:/C:/Users/ArtanTech/Desktop/Project1402_1/Project1402_1/src/project1402/Project1402.java</file>
            <file>file:/C:/Users/ArtanTech/Desktop/Project1402_1/Project1402_1/src/project1402/Student.java</file>
            <file>file:/C:/Users/ArtanTech/Desktop/Project1402_1/Project1402_1/src/project1402/StudentEdit.java</file>
        </group>
    </open-files>
</project-private>
